[
    {
        "MovieId": 1,
        "Title": "Matrix",
        "Genre": "Ciencia Ficción",
        "Price": 12.99,
        "InStock": true
    },
    {
        "MovieId": 2,
        "Title": "Pulp Fiction",
        "Genre": "Drama/Crimen",
        "Price": 10.99,
        "InStock": true
    },
    {
        "MovieId": 3,
        "Title": "Coco",
        "Genre": "Animación/Familiar",
        "Price": 8.99,
        "InStock": false
    },
    {
        "MovieId": 4,
        "Title": "The Shawshank Redemption",
        "Genre": "Drama",
        "Price": 11.99,
        "InStock": true
    },
    {
        "MovieId": 5,
        "Title": "Inception",
        "Genre": "Ciencia Ficción/Acción",
        "Price": 13.99,
        "InStock": true
    },
    {
        "MovieId": 6,
        "Title": "The Dark Knight",
        "Genre": "Acción/Drama",
        "Price": 14.99,
        "InStock": true
    },
    {
        "MovieId": 7,
        "Title": "Forrest Gump",
        "Genre": "Drama/Comedia",
        "Price": 9.99,
        "InStock": false
    },
    {
        "MovieId": 8,
        "Title": "The Godfather",
        "Genre": "Crimen/Drama",
        "Price": 12.99,
        "InStock": true
    },
    {
        "MovieId": 9,
        "Title": "Schindler's List",
        "Genre": "Drama/Historia",
        "Price": 10.99,
        "InStock": false
    },
    {
        "MovieId": 10,
        "Title": "The Lord of the Rings: The Fellowship of the Ring",
        "Genre": "Aventura/Fantasía",
        "Price": 15.99,
        "InStock": true
    },
    {
        "MovieId": 11,
        "Title": "The Matrix Reloaded",
        "Genre": "Ciencia Ficción/Acción",
        "Price": 13.99,
        "InStock": true
    },
    {
        "MovieId": 12,
        "Title": "Titanic",
        "Genre": "Romance/Drama",
        "Price": 10.99,
        "InStock": false
    },
    {
        "MovieId": 13,
        "Title": "Star Wars: Episode IV - A New Hope",
        "Genre": "Aventura/Fantasía",
        "Price": 14.99,
        "InStock": true
    },
    {
        "MovieId": 14,
        "Title": "The Silence of the Lambs",
        "Genre": "Crimen/Drama",
        "Price": 11.99,
        "InStock": true
    },
    {
        "MovieId": 15,
        "Title": "Inglourious Basterds",
        "Genre": "Drama/Bélico",
        "Price": 12.99,
        "InStock": false
    },
    {
        "MovieId": 16,
        "Title": "Fight Club",
        "Genre": "Drama/Thriller",
        "Price": 10.99,
        "InStock": true
    },
    {
        "MovieId": 17,
        "Title": "The Shawshank Redemption",
        "Genre": "Drama",
        "Price": 11.99,
        "InStock": true
    },
    {
        "MovieId": 18,
        "Title": "The Dark Knight Rises",
        "Genre": "Acción/Drama",
        "Price": 14.99,
        "InStock": true
    },
    {
        "MovieId": 19,
        "Title": "The Godfather: Part II",
        "Genre": "Crimen/Drama",
        "Price": 12.99,
        "InStock": true
    },
    {
        "MovieId": 20,
        "Title": "The Green Mile",
        "Genre": "Crimen/Drama",
        "Price": 11.99,
        "InStock": false
    }
]