[
  {
    "UserId": 0,
    "FirstName": "diego",
    "LastName": "gimenez",
    "Username": "diego",
    "NIF": "12121212A",
    "Balance": 962.03,
    "peliculasCompradas": [
      "Has comprado una pelicula llamada: Matrix",
      "Has comprado una pelicula llamada: Inception",
      "Has comprado una pelicula llamada: Pulp Fiction"
    ],
    "historialCuenta": [
      {
        "Cantidad": 987.01,
        "Fecha": "2023-12-04T18:42:23.2747666+01:00",
        "Pelicula": "Matrix",
        "Titular": "diego gimenez",
        "Proveedor": "PeliSValero",
        "Estado": "Pagado"
      },
      {
        "Cantidad": 973.02,
        "Fecha": "2023-12-04T18:42:33.1303835+01:00",
        "Pelicula": "Inception",
        "Titular": "diego gimenez",
        "Proveedor": "PeliSValero",
        "Estado": "Pagado"
      },
      {
        "Cantidad": 962.03,
        "Fecha": "2023-12-04T18:42:49.114114+01:00",
        "Pelicula": "Pulp Fiction",
        "Titular": "diego gimenez",
        "Proveedor": "PeliSValero",
        "Estado": "Pagado"
      }
    ]
  },
  {
    "UserId": 0,
    "FirstName": "diegod",
    "LastName": "gimenez",
    "Username": "diego",
    "NIF": "12121212B",
    "Balance": 987.01,
    "peliculasCompradas": [
      "Has comprado una pelicula llamada: Matrix"
    ],
    "historialCuenta": [
      {
        "Cantidad": 987.01,
        "Fecha": "2023-12-04T18:43:47.6577115+01:00",
        "Pelicula": "Matrix",
        "Titular": "diegod gimenez",
        "Proveedor": "PeliSValero",
        "Estado": "Pagado"
      }
    ]
  }
]